{"random": 24998.238286321026, "greedy": 19068.238286321026, "q_learning": 36811.89066692941}